{"cameraMode":{"drawMode":0,"name":"Shaded","section":"Shading Mode"},"sceneLighting":false,"audioPlay":false,"sceneViewState":{"showFog":true,"showMaterialUpdate":false,"showSkybox":false,"showFlares":true,"showImageEffects":true,"showParticleSystems":true},"in2DMode":false,"pivot":{"x":-0.004522457718849182,"y":2.056624412536621,"z":2.723494291305542},"rotation":{"x":0.006735195871442556,"y":0.9687218070030212,"z":-0.24664336442947389,"w":0.026452580466866494},"size":2.4304957389831545,"orthographic":false}