{"cameraMode":{"drawMode":0,"name":"Shaded","section":"Shading Mode"},"sceneLighting":false,"audioPlay":false,"sceneViewState":{"showFog":true,"showMaterialUpdate":false,"showSkybox":false,"showFlares":true,"showImageEffects":true,"showParticleSystems":true},"in2DMode":false,"pivot":{"x":-0.41402894258499148,"y":3.0152206420898439,"z":-2.2635607719421388},"rotation":{"x":-0.03806152567267418,"y":0.9606690406799316,"z":-0.167686328291893,"w":-0.21805439889431},"size":2.2863073348999025,"orthographic":false}